{
    "dirt": {
        "template": "uniform",
        "block": "dirt",
        "material": "minecraft:stone",
        "clusterSize": 32,
        "numClusters": 20,
        "minHeight": 0,
        "maxHeight": 128,
        "retrogen": "false",
        "biomeRestriction": "none",
        "biomes": [],
        "dimensionRestriction": "blacklist",
        "dimensions": [
            -1,
            1
        ]
    },
    "gravel": {
        "template": "uniform",
        "block": "gravel",
        "material": "stone",
        "clusterSize": 32,
        "numClusters": 10,
        "minHeight": 0,
        "maxHeight": 128,
        "retrogen": "false",
        "biomeRestriction": "none",
        "biomes": [],
        "dimensionRestriction": "blacklist",
        "dimensions": [
            -1,
            1
        ]
    },
    "coal": {
        "template": "uniform",
        "block": "coal_ore",
        "material": "stone",
        "clusterSize": 16,
        "numClusters": 20,
        "minHeight": 0,
        "maxHeight": 128,
        "retrogen": "true",
        "biomeRestriction": "none",
        "biomes": [],
        "dimensionRestriction": "blacklist",
        "dimensions": [
            -1,
            1
        ]
    },
    "iron": {
        "template": "uniform",
        "block": "iron_ore",
        "material": "minecraft:stone",
        "clusterSize": 8,
        "numClusters": 20,
        "minHeight": 0,
        "maxHeight": 64,
        "retrogen": "true",
        "biomeRestriction": "none",
        "biomes": [],
        "dimensionRestriction": "blacklist",
        "dimensions": [
            -1,
            1
        ]
    },
    "gold": {
        "template": "uniform",
        "block": "gold_ore",
        "material": "minecraft:stone",
        "clusterSize": 8,
        "numClusters": 2,
        "minHeight": 0,
        "maxHeight": 32,
        "retrogen": "true",
        "biomeRestriction": "none",
        "biomes": [],
        "dimensionRestriction": "blacklist",
        "dimensions": [
            -1,
            1
        ]
    },
    "redstone": {
        "template": "uniform",
        "block": "redstone_ore",
        "material": "minecraft:stone",
        "clusterSize": 7,
        "numClusters": 8,
        "minHeight": 0,
        "maxHeight": 16,
        "retrogen": "true",
        "biomeRestriction": "none",
        "biomes": [],
        "dimensionRestriction": "blacklist",
        "dimensions": [
            -1,
            1
        ]
    },
    "diamond": {
        "template": "uniform",
        "block": "diamond_ore",
        "material": "minecraft:stone",
        "clusterSize": 7,
        "numClusters": 1,
        "minHeight": 0,
        "maxHeight": 16,
        "retrogen": "true",
        "biomeRestriction": "none",
        "biomes": [],
        "dimensionRestriction": "blacklist",
        "dimensions": [
            -1,
            1
        ]
    },
    "lapis": {
        "template": "normal",
        "block": "lapis_ore",
        "material": "minecraft:stone",
        "clusterSize": 6,
        "numClusters": 1,
        "meanHeight": 16,
        "maxVariance": 16,
        "retrogen": "true",
        "biomeRestriction": "none",
        "biomes": [],
        "dimensionRestriction": "blacklist",
        "dimensions": [
            -1,
            1
        ]
    },
    "quartz": {
        "template": "uniform",
        "block": "quartz_ore",
        "material": "minecraft:netherrack",
        "clusterSize": 10,
        "numClusters": 3,
        "minHeight": 10,
        "maxHeight": 118,
        "retrogen": "true",
        "biomeRestriction": "whitelist",
        "biomes": [
            {"type": "dictionary", "entry": "NETHER"}
        ],
        "dimensionRestriction": "none",
        "dimensions": []
    },
    "goldNether": {
        "template": "uniform",
        "block": "exnihilo:nether_gold_gravel",
        "material": "minecraft:netherrack",
        "clusterSize": 5,
        "numClusters": 1,
        "minHeight": 32,
        "maxHeight": 48,
        "retrogen": "true",
        "biomeRestriction": "whitelist",
        "biomes": [
            {"type": "dictionary", "entry": "NETHER"}
        ],
        "dimensionRestriction": "none",
        "dimensions": []
    },
    "ironNether": {
        "template": "uniform",
        "block": "exnihilo:nether_iron_gravel",
        "material": "minecraft:netherrack",
        "clusterSize": 7,
        "numClusters": 1,
        "minHeight": 32,
        "maxHeight": 96,
        "retrogen": "true",
        "biomeRestriction": "whitelist",
        "biomes": [
            {"type": "dictionary", "entry": "NETHER"}
        ],
        "dimensionRestriction": "none",
        "dimensions": []
    },
    "copperNether": {
        "template": "uniform",
        "block": "exnihilo:nether_copper_gravel",
        "material": "minecraft:netherrack",
        "clusterSize": 5,
        "numClusters": 1,
        "minHeight": 48,
        "maxHeight": 64,
        "retrogen": "true",
        "biomeRestriction": "whitelist",
        "biomes": [
            {"type": "dictionary", "entry": "NETHER"}
        ],
        "dimensionRestriction": "none",
        "dimensions": []
    },
    "nickelNether": {
        "template": "uniform",
        "block": "exnihilo:nether_nickel_gravel",
        "material": "minecraft:netherrack",
        "clusterSize": 3,
        "numClusters": 1,
        "minHeight": 64,
        "maxHeight": 128,
        "retrogen": "true",
        "biomeRestriction": "whitelist",
        "biomes": [
            {"type": "dictionary", "entry": "NETHER"}
        ],
        "dimensionRestriction": "none",
        "dimensions": []
    },
    "platinumTheEnd": {
        "template": "uniform",
        "block": "exnihilo:ender_platinum_gravel",
        "material": "minecraft:end_stone",
        "clusterSize": 5,
        "numClusters": 1,
        "minHeight": 0,
        "maxHeight": 128,
        "retrogen": "true",
         "biomeRestriction": "none",
        "biomes": [],
         "biomeRestriction": "none",
        "biomes": [],
        "dimensionRestriction": "blacklist",
        "dimensions": [
            -1,
            0
        ]
	},
    "leadTheEnd": {
        "template": "uniform",
        "block": "exnihilo:ender_lead_gravel",
        "material": "minecraft:end_stone",
        "clusterSize": 6,
        "numClusters": 1,
        "minHeight": 32,
        "maxHeight": 56,
        "retrogen": "true",
         "biomeRestriction": "none",
        "biomes": [],
         "biomeRestriction": "none",
        "biomes": [],
        "dimensionRestriction": "blacklist",
        "dimensions": [
            -1,
            0
        ]
	},
    "silverTheEnd": {
        "template": "uniform",
        "block": "exnihilo:ender_silver_gravel",
        "material": "minecraft:end_stone",
        "clusterSize": 6,
        "numClusters": 2,
        "minHeight": 0,
        "maxHeight": 48,
        "retrogen": "true",
         "biomeRestriction": "none",
        "biomes": [],
         "biomeRestriction": "none",
        "biomes": [],
        "dimensionRestriction": "blacklist",
        "dimensions": [
            -1,
            0
        ]
	},
    "tinTheEnd": {
        "template": "uniform",
        "block": "exnihilo:ender_tin_gravel",
        "material": "minecraft:end_stone",
        "clusterSize": 4,
        "numClusters": 1,
        "minHeight": 48,
        "maxHeight": 56,
        "retrogen": "true",
         "biomeRestriction": "none",
        "biomes": [],
         "biomeRestriction": "none",
        "biomes": [],
        "dimensionRestriction": "blacklist",
        "dimensions": [
            -1,
            0
        ]
	},
    "yelloriteTheEnd": {
        "template": "uniform",
        "block": "BigReactors:YelloriteOre",
        "material": "minecraft:end_stone",
        "clusterSize": 5,
        "numClusters": 1,
        "minHeight": 0,
        "maxHeight": 128,
        "retrogen": "true",
         "biomeRestriction": "none",
        "biomes": [],
         "biomeRestriction": "none",
        "biomes": [],
        "dimensionRestriction": "blacklist",
        "dimensions": [
            -1,
            0
        ]
	}
}