{
	"0":
	{
		"isAchievement": false,
		"color": 1209901,
		"colorChecked": 0,
		"align": "CENTER",
		"shadow": false
	},

	"1":
	{
		"isAchievement": false,
		"color": 2236962,
		"colorChecked": 0,
		"align": "LEFT",
		"shadow": false
	},

	"2":
	{
		"isAchievement": false,
		"color": 6052956,
		"colorChecked": 0,
		"align": "LEFT",
		"shadow": false
	},

	"3":
	{
		"isAchievement": false,
		"color": 10850640,
		"colorChecked": 0,
		"align": "CENTER",
		"shadow": false
	},

	"4":
	{
		"isAchievement": false,
		"color": 81650,
		"colorChecked": 0,
		"align": "CENTER",
		"shadow": false
	},

	"100":
	{
		"isAchievement": true,
		"color": 5717052,
		"colorChecked": 3954499,
		"align": "LEFT",
		"shadow": false
	}
}